{
  "$schema": "https://schema.management.azure.com/schemas/2015-01-01/deploymentParameters.json#",
  "contentVersion": "1.0.0.0",
  "parameters": {
    "appBaseName": {
      "value": "#arm_appBaseName#"
    },
    "appBaseSkuName": {
      "value": "#arm_appBaseSkuName#"
    },
    "appbaseAdminLogin": {
      "value": "#arm_sqlUserName#"
    },
    "appbaseAdminLoginPassword": {
      "value": "#arm_sqlPassword#"
    },
    "appbaseCollation": {
      "value": "SQL_Latin1_General_CP1_CI_AS"
    },
    "appbaseEdition": {
      "value": "Basic"
    },
    "appbaseRequestedServiceObjectiveName": {
      "value": "Basic"
    }
  }
}
