{
  "$schema": "https://schema.management.azure.com/schemas/2015-01-01/deploymentTemplate.json#",
  "contentVersion": "1.0.0.0",
  "parameters": {
    "appBaseName": {
      "type": "string",
      "minLength": 1
    },
    "appBaseSkuName": {
      "type": "string",
      "defaultValue": "F1",
      "allowedValues": [
        "F1",
        "D1",
        "B1",
        "B2",
        "B3",
        "S1",
        "S2",
        "S3",
        "P1",
        "P2",
        "P3",
        "P4"
      ],
      "metadata": {
        "description": "Describes plan's pricing tier and capacity. Check details at https://azure.microsoft.com/en-us/pricing/details/app-service/"
      }
    },
    "appbaseAdminLogin": {
      "type": "string",
      "minLength": 1
    },
    "appbaseAdminLoginPassword": {
      "type": "securestring"
    },
    "appbaseCollation": {
      "type": "string",
      "minLength": 1,
      "defaultValue": "SQL_Latin1_General_CP1_CI_AS"
    },
    "appbaseEdition": {
      "type": "string",
      "defaultValue": "Basic",
      "allowedValues": [
        "Basic",
        "Standard",
        "Premium"
      ]
    },
    "appbaseRequestedServiceObjectiveName": {
      "type": "string",
      "defaultValue": "Basic",
      "allowedValues": [
        "Basic",
        "S0",
        "S1",
        "S2",
        "P1",
        "P2",
        "P3"
      ],
      "metadata": {
        "description": "Describes the performance level for Edition"
      }
    }},
  "variables": { },
  "resources": [
    {
      "name": "[parameters('D1')]",
      "type": "Microsoft.Web/serverfarms",
      "location": "[resourceGroup().location]",
      "apiVersion": "2015-08-01",
      "sku": {
        "name": "[parameters('D1')]"
      },
      "dependsOn": [ ],
      "tags": {
        "displayName": "appBase"
      },
      "properties": {
        "name": "[parameters('appBaseName')]",
        "numberOfWorkers": 1
      }
    },
    {
      "name": "[parameters('D1')]",
      "type": "Microsoft.Web/sites",
      "location": "[resourceGroup().location]",
      "apiVersion": "2015-08-01",
      "dependsOn": [
        "[resourceId('Microsoft.Web/serverfarms', parameters('D1'))]"
      ],
      "tags": {
        "[concat('hidden-related:', resourceId('Microsoft.Web/serverfarms', parameters('D1')))]": "Resource",
        "displayName": "appBase"
      },
      "properties": {
        "name": "[parameters('D1')]",
        "serverFarmId": "[resourceId('Microsoft.Web/serverfarms', parameters('D1'))]"
      }
    },
    {
      "name": "[parameters('D1')]",
      "type": "Microsoft.Sql/servers",
      "location": "[resourceGroup().location]",
      "apiVersion": "2014-04-01-preview",
      "dependsOn": [ ],
      "tags": {
        "displayName": "appbase"
      },
      "properties": {
        "administratorLogin": "[parameters('appbaseAdminLogin')]",
        "administratorLoginPassword": "[parameters('appbaseAdminLoginPassword')]"
      },
      "resources": [
        {
          "name": "AllowAllWindowsAzureIps",
          "type": "firewallrules",
          "location": "[resourceGroup().location]",
          "apiVersion": "2014-04-01-preview",
          "dependsOn": [
            "[resourceId('Microsoft.Sql/servers', parameters('D1'))]"
          ],
          "properties": {
            "startIpAddress": "0.0.0.0",
            "endIpAddress": "0.0.0.0"
          }
        },
        {
          "name": "[parameters('D1')]",
          "type": "databases",
          "location": "[resourceGroup().location]",
          "apiVersion": "2014-04-01-preview",
          "dependsOn": [
            "[resourceId('Microsoft.Sql/servers', parameters('D1'))]"
          ],
          "tags": {
            "displayName": "appbase"
          },
          "properties": {
            "collation": "[parameters('appbaseCollation')]",
            "edition": "[parameters('appbaseEdition')]",
            "maxSizeBytes": "1073741824",
            "requestedServiceObjectiveName": "[parameters('appbaseRequestedServiceObjectiveName')]"
          }
        }
      ]
    }],
  "outputs": {}
}
